{
  "domain": "javaAppServer",
  "middleware": "was",
  "host": "workstation",
  "assessmentUnitName": "DefaultApplication.ear",
  "applicationName": "DefaultApplication.ear",
  "dcVersion": "2.1.1",
  "collectionUnitType": "profile",
  "collectionUnitName": "AppSrv01",
  "isVirtual": "false",
  "rawDependencies": [
    {
      "domain": "database",
      "middleware": "derby",
      "assessmentUnitName": "DefaultDB",
      "applicationName": "DefaultDB",
      "collectionUnitType": "instance",
      "isVirtual": "false",
      "identifier": {
        "databaseName": "DefaultDB"
      }
    }
  ],
  "serverXml": {
    "server": {
      "description": "Configuration generated by binaryAppScanner",
      "featureManager": {
        "feature": [
          "appSecurity-2.0",
          "ejbLite-3.2",
          "jdbc-4.1",
          "jndi-1.0",
          "jsp-2.3",
          "servlet-3.1",
          "ejbRemote-3.2"
        ]
      },
      "applicationManager": {
        "autoExpand": true
      },
      "httpEndpoint": {
        "host": "*",
        "httpPort": 9080,
        "httpsPort": 9443,
        "id": "defaultHttpEndpoint"
      },
      "enterpriseApplication": {
        "location": "DefaultApplication.ear"
      },
      "jdbcDriver": {
        "id": "Derby_JDBC_Provider",
        "library": {
          "file": {
            "name": "${DERBY_JDBC_DRIVER_PATH}/derby.jar"
          }
        }
      },
      "dataSource": {
        "id": "Default Datasource",
        "jdbcDriverRef": "Derby_JDBC_Provider",
        "jndiName": "DefaultDatasource",
        "properties.derby.embedded": {
          "connectionAttributes": "upgrade\u003dtrue",
          "databaseName": "${APP_INSTALL_ROOT}/${CELL}/DefaultApplication.ear/DefaultDB"
        },
        "connectionManager": {
          "agedTimeout": -1,
          "connectionTimeout": 180,
          "maxIdleTime": 1800,
          "maxPoolSize": 10,
          "minPoolSize": 1,
          "purgePolicy": "EntirePool",
          "reapTime": 180
        }
      },
      "variable": {
        "name": "DERBY_JDBC_DRIVER_PATH",
        "value": "${WAS_INSTALL_ROOT}/derby/lib"
      }
    }
  }
}