{
  "ignoreMissingBinary": false,
  "appsToScan_user": [
    ""
  ],
  "scanNodeFlag": false,
  "scanBinaryLocation": false,
  "profiles": [
    {
      "appsInfo": [],
      "ignoreMissingBinary": false,
      "assessUnitNames": [
        "modresorts-1_0_war.ear",
        "DefaultApplication.ear",
        "PlantsByWebSphereEE7.ear",
        "query.ear",
        "ivtApp.ear"
      ],
      "cellName": "workstationNode01Cell",
      "javaVersion": "ibm6",
      "appsFound": true,
      "archive": {
        "assessmentUnits": [
          "modresorts-1_0_war.ear",
          "DefaultApplication.ear",
          "PlantsByWebSphereEE7.ear",
          "query.ear",
          "ivtApp.ear"
        ],
        "archiveType": "profile",
        "dcVersion": "2.1.1",
        "archiveName": "AppSrv01",
        "domain": "javaAppServer",
        "host": "workstation",
        "middleware": "was"
      },
      "hasConfig": true,
      "locale": "en",
      "webSphereVersion": "was855",
      "scanBinaryLocation": false,
      "isStandalone": true,
      "webSphereVariables": [
        {
          "scope": "servers:server1",
          "name": "SERVER_LOG_ROOT"
        },
        {
          "scope": "servers:server1",
          "name": "WAS_SERVER_NAME",
          "value": "server1"
        },
        {
          "scope": "nodes:workstationNode01",
          "name": "WAS_INSTALL_ROOT",
          "value": "/opt/IBM/WebSphere/AppServer"
        },
        {
          "scope": "nodes:workstationNode01",
          "name": "USER_INSTALL_ROOT",
          "value": "/opt/IBM/WebSphere/AppServer/profiles/AppSrv01"
        },
        {
          "scope": "nodes:workstationNode01",
          "name": "WAS_LIBS_DIR",
          "value": "/opt/IBM/WebSphere/AppServer/lib"
        },
        {
          "scope": "nodes:workstationNode01",
          "name": "WAS_PROPS_DIR",
          "value": "/opt/IBM/WebSphere/AppServer/profiles/AppSrv01/properties"
        },
        {
          "scope": "nodes:workstationNode01",
          "name": "WAS_TEMP_DIR",
          "value": "/opt/IBM/WebSphere/AppServer/profiles/AppSrv01/temp"
        },
        {
          "scope": "nodes:workstationNode01",
          "name": "APP_INSTALL_ROOT",
          "value": "/opt/IBM/WebSphere/AppServer/profiles/AppSrv01/installedApps"
        },
        {
          "scope": "nodes:workstationNode01",
          "name": "LOG_ROOT",
          "value": "/opt/IBM/WebSphere/AppServer/profiles/AppSrv01/logs"
        },
        {
          "scope": "nodes:workstationNode01",
          "name": "DRIVER_PATH",
          "value": "/opt/IBM/WebSphere/AppServer"
        },
        {
          "scope": "nodes:workstationNode01",
          "name": "JAVA_HOME",
          "value": "/opt/IBM/WebSphere/AppServer/java"
        },
        {
          "scope": "nodes:workstationNode01",
          "name": "MQ_INSTALL_ROOT",
          "value": "/opt/IBM/WebSphere/AppServer/lib/WMQ"
        },
        {
          "scope": "nodes:workstationNode01",
          "name": "DEPLOY_TOOL_ROOT",
          "value": "/opt/IBM/WebSphere/AppServer/deploytool/itp"
        },
        {
          "scope": "nodes:workstationNode01",
          "name": "CONNECTOR_INSTALL_ROOT",
          "value": "/opt/IBM/WebSphere/AppServer/profiles/AppSrv01/installedConnectors"
        },
        {
          "scope": "nodes:workstationNode01",
          "name": "WAS_ETC_DIR",
          "value": "/opt/IBM/WebSphere/AppServer/profiles/AppSrv01/etc"
        },
        {
          "scope": "nodes:workstationNode01",
          "name": "UNIVERSAL_JDBC_DRIVER_PATH",
          "value": "/opt/IBM/WebSphere/AppServer/universalDriver/lib"
        },
        {
          "scope": "nodes:workstationNode01",
          "name": "DERBY_JDBC_DRIVER_PATH",
          "value": "/opt/IBM/WebSphere/AppServer/derby/lib"
        },
        {
          "scope": "nodes:workstationNode01",
          "name": "WAS_INSTALL_LIBRARY",
          "value": "$(was.install.library)"
        },
        {
          "scope": "nodes:workstationNode01",
          "name": "LOCALHOST_NAME",
          "value": "localhost"
        },
        {
          "scope": "cells:workstationNode01Cell",
          "name": "WAS_CELL_NAME",
          "value": "workstationNode01Cell"
        },
        {
          "scope": "cells:workstationNode01Cell",
          "name": "GRID_JOBLOG_ROOT"
        },
        {
          "scope": "cells:workstationNode01Cell",
          "name": "DERBY_JDBC_DRIVER_PATH"
        },
        {
          "scope": "cells:workstationNode01Cell",
          "name": "GRID_ENDPOINT_DATASOURCE",
          "value": "jdbc/pgc"
        }
      ],
      "name": "AppSrv01",
      "profilePath": "/opt/IBM/WebSphere/AppServer/profiles/AppSrv01",
      "applications": [
        "/opt/IBM/WebSphere/AppServer/profiles/AppSrv01/config/cells/workstationNode01Cell/applications/modresorts-1_0_war.ear/modresorts-1_0_war.ear",
        "/opt/IBM/WebSphere/AppServer/profiles/AppSrv01/config/cells/workstationNode01Cell/applications/DefaultApplication.ear/DefaultApplication.ear",
        "/opt/IBM/WebSphere/AppServer/profiles/AppSrv01/config/cells/workstationNode01Cell/applications/PlantsByWebSphereEE7.ear/PlantsByWebSphereEE7.ear",
        "/opt/IBM/WebSphere/AppServer/profiles/AppSrv01/config/cells/workstationNode01Cell/applications/query.ear/query.ear",
        "/opt/IBM/WebSphere/AppServer/profiles/AppSrv01/config/cells/workstationNode01Cell/applications/ivtApp.ear/ivtApp.ear"
      ],
      "serverClasspath": []
    }
  ],
  "ignoreMissingSharedLibrary": false,
  "locale": "en",
  "productInf": [
    {
      "buildLevel": "cf141830.01",
      "name": "IBM WebSphere Application Server Network Deployment",
      "id": "ND",
      "buildDate": "8/2/18",
      "version": "8.5.5.14"
    }
  ]
}