{
   "report": "analysis",
   "version": "1.2",
   "productVersion": "9.0",
   "productRelease": "20.0.0.1",
   "options": [
      "--sourceAppServer=was855",
      "--sourceJava=ibm6",
      "--sourceJavaEE=ee6",
      "--targetAppServer=liberty",
      "--targetJava=ibm8",
      "--targetJavaEE=ee7",
      "--targetCloud=dockerIBMCloud",
      "--excludePackages=ch.qos,com.fasterxml,com.ibm,com.informix,com.lowagie,com.mchange,com.meterware,com.microsoft,com.sun,com.sybase,freemarker,groovy,java,javax,net,oracle,org,sqlj,sun,twitter4j,_ibmjsp"
   ],
   "totalRulesFlagged": 2,
   "filesAffected": 21,
   "totalResults": 21,
   "severitySummary": [
      {
         "severity": "Warning",
         "severityId": "warning",
         "totalRulesFlagged": 2,
         "totalResults": 21
      }
   ],
   "applications": [
      "/opt/IBM/WebSphere/AppServer/profiles/AppSrv01/config/cells/workstationNode01Cell/applications/modresorts-1_0_war.ear/modresorts-1_0_war.ear"
   ],
   "rules": [
      {
         "ruleName": "CDI scans for implicit beans when there is no beans.xml file",
         "ruleId": "MissingBeansFile",
         "devCost": "0",
         "severity": "Warning",
         "severityId": "warning",
         "category": "Java EE 7 / CDI",
         "categoryId": "appconversion.javaee7.category / appconversion.javaee7.cdi.category",
         "results": [
            {
               "fileName": "modresorts-1_0_war.ear/modresorts-1.0.war",
               "details": [
                  {
                     "reference": null,
                     "match": ".*(\\.war|\\.jar)",
                     "lineNumber": 0
                  }
               ]
            },
            {
               "fileName": "modresorts-1_0_war.ear/modresorts-1.0.war/WEB-INF/lib/commons-codec-1.10.jar",
               "details": [
                  {
                     "reference": null,
                     "match": ".*(\\.war|\\.jar)",
                     "lineNumber": 0
                  }
               ]
            },
            {
               "fileName": "modresorts-1_0_war.ear/modresorts-1.0.war/WEB-INF/lib/commons-fileupload-1.3.3.jar",
               "details": [
                  {
                     "reference": null,
                     "match": ".*(\\.war|\\.jar)",
                     "lineNumber": 0
                  }
               ]
            },
            {
               "fileName": "modresorts-1_0_war.ear/modresorts-1.0.war/WEB-INF/lib/commons-io-1.4.jar",
               "details": [
                  {
                     "reference": null,
                     "match": ".*(\\.war|\\.jar)",
                     "lineNumber": 0
                  }
               ]
            },
            {
               "fileName": "modresorts-1_0_war.ear/modresorts-1.0.war/WEB-INF/lib/commons-logging-1.1.3.jar",
               "details": [
                  {
                     "reference": null,
                     "match": ".*(\\.war|\\.jar)",
                     "lineNumber": 0
                  }
               ]
            },
            {
               "fileName": "modresorts-1_0_war.ear/modresorts-1.0.war/WEB-INF/lib/httpclient-4.5.5.jar",
               "details": [
                  {
                     "reference": null,
                     "match": ".*(\\.war|\\.jar)",
                     "lineNumber": 0
                  }
               ]
            },
            {
               "fileName": "modresorts-1_0_war.ear/modresorts-1.0.war/WEB-INF/lib/httpcore-4.4.9.jar",
               "details": [
                  {
                     "reference": null,
                     "match": ".*(\\.war|\\.jar)",
                     "lineNumber": 0
                  }
               ]
            },
            {
               "fileName": "modresorts-1_0_war.ear/modresorts-1.0.war/WEB-INF/lib/httpmime-4.5.5.jar",
               "details": [
                  {
                     "reference": null,
                     "match": ".*(\\.war|\\.jar)",
                     "lineNumber": 0
                  }
               ]
            },
            {
               "fileName": "modresorts-1_0_war.ear/modresorts-1.0.war/WEB-INF/lib/json-20180130.jar",
               "details": [
                  {
                     "reference": null,
                     "match": ".*(\\.war|\\.jar)",
                     "lineNumber": 0
                  }
               ]
            }
         ]
      },
      {
         "ruleName": "Handling application configuration in Docker containers",
         "ruleId": "DetectPropertiesFiles",
         "devCost": "0",
         "severity": "Warning",
         "severityId": "warning",
         "category": "Docker (IBM Cloud Kubernetes Service)",
         "categoryId": "appconversion.cloud.category.docker",
         "results": [
            {
               "fileName": "modresorts-1_0_war.ear/modresorts-1.0.war/META-INF/maven/com.ibm.ta/modresorts/pom.properties",
               "details": [
                  {
                     "reference": null,
                     "match": "(.*)?\\.properties",
                     "lineNumber": 0
                  }
               ]
            },
            {
               "fileName": "modresorts-1_0_war.ear/modresorts-1.0.war/WEB-INF/lib/commons-codec-1.10.jar/META-INF/maven/commons-codec/commons-codec/pom.properties",
               "details": [
                  {
                     "reference": null,
                     "match": "(.*)?\\.properties",
                     "lineNumber": 0
                  }
               ]
            },
            {
               "fileName": "modresorts-1_0_war.ear/modresorts-1.0.war/WEB-INF/lib/commons-fileupload-1.3.3.jar/META-INF/maven/commons-fileupload/commons-fileupload/pom.properties",
               "details": [
                  {
                     "reference": null,
                     "match": "(.*)?\\.properties",
                     "lineNumber": 0
                  }
               ]
            },
            {
               "fileName": "modresorts-1_0_war.ear/modresorts-1.0.war/WEB-INF/lib/commons-io-1.4.jar/META-INF/maven/commons-io/commons-io/pom.properties",
               "details": [
                  {
                     "reference": null,
                     "match": "(.*)?\\.properties",
                     "lineNumber": 0
                  }
               ]
            },
            {
               "fileName": "modresorts-1_0_war.ear/modresorts-1.0.war/WEB-INF/lib/commons-logging-1.1.3.jar/META-INF/maven/commons-logging/commons-logging/pom.properties",
               "details": [
                  {
                     "reference": null,
                     "match": "(.*)?\\.properties",
                     "lineNumber": 0
                  }
               ]
            },
            {
               "fileName": "modresorts-1_0_war.ear/modresorts-1.0.war/WEB-INF/lib/httpclient-4.5.5.jar/META-INF/maven/org.apache.httpcomponents/httpclient/pom.properties",
               "details": [
                  {
                     "reference": null,
                     "match": "(.*)?\\.properties",
                     "lineNumber": 0
                  }
               ]
            },
            {
               "fileName": "modresorts-1_0_war.ear/modresorts-1.0.war/WEB-INF/lib/httpclient-4.5.5.jar/org/apache/http/client/version.properties",
               "details": [
                  {
                     "reference": null,
                     "match": "(.*)?\\.properties",
                     "lineNumber": 0
                  }
               ]
            },
            {
               "fileName": "modresorts-1_0_war.ear/modresorts-1.0.war/WEB-INF/lib/httpcore-4.4.9.jar/META-INF/maven/org.apache.httpcomponents/httpcore/pom.properties",
               "details": [
                  {
                     "reference": null,
                     "match": "(.*)?\\.properties",
                     "lineNumber": 0
                  }
               ]
            },
            {
               "fileName": "modresorts-1_0_war.ear/modresorts-1.0.war/WEB-INF/lib/httpcore-4.4.9.jar/org/apache/http/version.properties",
               "details": [
                  {
                     "reference": null,
                     "match": "(.*)?\\.properties",
                     "lineNumber": 0
                  }
               ]
            },
            {
               "fileName": "modresorts-1_0_war.ear/modresorts-1.0.war/WEB-INF/lib/httpmime-4.5.5.jar/META-INF/maven/org.apache.httpcomponents/httpmime/pom.properties",
               "details": [
                  {
                     "reference": null,
                     "match": "(.*)?\\.properties",
                     "lineNumber": 0
                  }
               ]
            },
            {
               "fileName": "modresorts-1_0_war.ear/modresorts-1.0.war/WEB-INF/lib/httpmime-4.5.5.jar/org/apache/http/entity/mime/version.properties",
               "details": [
                  {
                     "reference": null,
                     "match": "(.*)?\\.properties",
                     "lineNumber": 0
                  }
               ]
            },
            {
               "fileName": "modresorts-1_0_war.ear/modresorts-1.0.war/WEB-INF/lib/json-20180130.jar/META-INF/maven/org.json/json/pom.properties",
               "details": [
                  {
                     "reference": null,
                     "match": "(.*)?\\.properties",
                     "lineNumber": 0
                  }
               ]
            }
         ]
      }
   ]
}