{
  "domain": "javaAppServer",
  "middleware": "was",
  "host": "workstation",
  "assessmentUnitName": "PlantsByWebSphereEE7.ear",
  "applicationName": "PlantsByWebSphereEE7.ear",
  "dcVersion": "2.1.1",
  "collectionUnitType": "profile",
  "collectionUnitName": "AppSrv01",
  "isVirtual": "false",
  "rawDependencies": [
    {
      "domain": "database",
      "middleware": "db2",
      "assessmentUnitName": "pbw",
      "applicationName": "pbw",
      "collectionUnitType": "instance",
      "isVirtual": "false",
      "identifier": {
        "portNumber": "50000",
        "databaseName": "pbw"
      }
    }
  ],
  "serverXml": {
    "server": {
      "description": "Configuration generated by binaryAppScanner",
      "featureManager": {
        "feature": [
          "appSecurity-2.0",
          "beanValidation-1.1",
          "cdi-1.2",
          "ejbLite-3.2",
          "javaMail-1.5",
          "jndi-1.0",
          "jpa-2.1",
          "jsf-2.2",
          "jsp-2.3",
          "servlet-3.1"
        ]
      },
      "applicationManager": {
        "autoExpand": true
      },
      "httpEndpoint": {
        "host": "*",
        "httpPort": 9080,
        "httpsPort": 9443,
        "id": "defaultHttpEndpoint"
      },
      "enterpriseApplication": {
        "location": "PlantsByWebSphereEE7.ear"
      },
      "authData": {
        "id": "workstationNode01/db2user",
        "password": "${workstationNode01_db2user_password_1}",
        "user": "db2inst1"
      },
      "jdbcDriver": {
        "id": "DB2_Universal_JDBC_Driver_Provider_(XA)",
        "library": {
          "file": [
            {
              "name": "/home/ibmdemo/Student/shared/db2jcc.jar"
            },
            {
              "name": "/home/ibmdemo/Student/shared/db2jcc_license_cu.jar"
            }
          ]
        }
      },
      "dataSource": {
        "containerAuthDataRef": "workstationNode01/db2user",
        "id": "pbwDBS",
        "jdbcDriverRef": "DB2_Universal_JDBC_Driver_Provider_(XA)",
        "jndiName": "jdbc/PlantsByWebSphereDataSource",
        "properties.db2.jcc": {
          "databaseName": "pbw",
          "driverType": 4,
          "portNumber": 50000,
          "serverName": "10.0.0.1"
        },
        "connectionManager": {
          "agedTimeout": -1,
          "connectionTimeout": 180,
          "maxIdleTime": 1800,
          "maxPoolSize": 10,
          "minPoolSize": 0,
          "purgePolicy": "EntirePool",
          "reapTime": 180
        }
      }
    }
  }
}