<?xml version="1.0" encoding="UTF-8"?><server description="Configuration generated by binaryAppScanner">
    <featureManager>
        <!--The following features are available in all editions of Liberty.-->
        <feature>appSecurity-2.0</feature>
        <feature>beanValidation-1.1</feature>
        <feature>cdi-1.2</feature>
        <feature>ejbLite-3.2</feature>
        <feature>javaMail-1.5</feature>
        <feature>jndi-1.0</feature>
        <feature>jpa-2.1</feature>
        <feature>jsf-2.2</feature>
        <feature>jsp-2.3</feature>
        <feature>servlet-3.1</feature>
    </featureManager>
    <!-- This configuration was migrated on 2020-06-26 at 15:37:47 from the following location: /opt/IBM/WebSphere/AppServer/profiles/AppSrv01 -->
    <!-- The binary scanner does not support the migration of all WebSphere traditional configuration elements. Check the binary scanner documentation for the list of supported configuration elements. -->
    <applicationManager autoExpand="true"/>
    <httpEndpoint host="*" httpPort="9080" httpsPort="9443" id="defaultHttpEndpoint"/>
    <enterpriseApplication location="PlantsByWebSphereEE7.ear"/>
    <authData id="workstationNode01/db2user" password="${workstationNode01_db2user_password_1}" user="db2inst1"/>
    <jdbcDriver id="DB2_Universal_JDBC_Driver_Provider_(XA)">
        <library>
            <file name="/home/ibmdemo/Student/shared/db2jcc.jar"/>
            <file name="/home/ibmdemo/Student/shared/db2jcc_license_cu.jar"/>
        </library>
    </jdbcDriver>
    <dataSource containerAuthDataRef="workstationNode01/db2user" id="pbwDBS" jdbcDriverRef="DB2_Universal_JDBC_Driver_Provider_(XA)" jndiName="jdbc/PlantsByWebSphereDataSource">
        <properties.db2.jcc databaseName="pbw" driverType="4" portNumber="50000" serverName="10.0.0.1"/>
        <connectionManager agedTimeout="-1" connectionTimeout="180" maxIdleTime="1800" maxPoolSize="10" minPoolSize="0" purgePolicy="EntirePool" reapTime="180"/>
    </dataSource>
    
    <!-- The sensitive data file location must be updated if the file is moved. -->
    
</server>