{
   "report": "analysis",
   "version": "1.2",
   "productVersion": "9.0",
   "productRelease": "20.0.0.1",
   "options": [
      "--sourceAppServer=was855",
      "--sourceJava=ibm6",
      "--sourceJavaEE=ee6",
      "--targetAppServer=liberty",
      "--targetJava=ibm8",
      "--targetJavaEE=ee7",
      "--targetCloud=dockerIBMCloud",
      "--excludePackages=ch.qos,com.fasterxml,com.ibm,com.informix,com.lowagie,com.mchange,com.meterware,com.microsoft,com.sun,com.sybase,freemarker,groovy,java,javax,net,oracle,org,sqlj,sun,twitter4j,_ibmjsp"
   ],
   "totalRulesFlagged": 7,
   "filesAffected": 8,
   "totalResults": 10,
   "severitySummary": [
      {
         "severity": "Severe",
         "severityId": "severe",
         "totalRulesFlagged": 1,
         "totalResults": 1
      },
      {
         "severity": "Warning",
         "severityId": "warning",
         "totalRulesFlagged": 5,
         "totalResults": 7
      },
      {
         "severity": "Information",
         "severityId": "info",
         "totalRulesFlagged": 1,
         "totalResults": 2
      }
   ],
   "applications": [
      "/opt/IBM/WebSphere/AppServer/profiles/AppSrv01/config/cells/workstationNode01Cell/applications/PlantsByWebSphereEE7.ear/PlantsByWebSphereEE7.ear"
   ],
   "rules": [
      {
         "ruleName": "Behavior change in rounding in NumberFormat and DecimalFormat format methods",
         "ruleId": "NumberFormatRounding",
         "devCost": "0",
         "severity": "Information",
         "severityId": "info",
         "category": "Java SE version migration / Java SE 8 compatibility impacts",
         "categoryId": "appconversion.jre.category / appconversion.jre.180.category",
         "results": [
            {
               "fileName": "PlantsByWebSphereEE7.ear/PlantsByWebSphere.war/WEB-INF/classes/com/ibm/websphere/samples/pbw/war/ShoppingBean.class",
               "details": [
                  {
                     "reference": "Method getShippingCostString",
                     "match": "java.text.NumberFormat.format(double)",
                     "lineNumber": 155
                  },
                  {
                     "reference": "Method getTotalCostString",
                     "match": "java.text.NumberFormat.format(double)",
                     "lineNumber": 175
                  }
               ]
            }
         ]
      },
      {
         "ruleName": "Check for a behavior change on the sendRedirect method",
         "ruleId": "SendRedirectBehaviorChange",
         "devCost": "0",
         "severity": "Severe",
         "severityId": "severe",
         "category": "Java EE 7 / Servlet 3.1",
         "categoryId": "appconversion.javaee7.category / appconversion.javaee7.servlet.category",
         "results": [
            {
               "fileName": "PlantsByWebSphereEE7.ear/PlantsByWebSphere.war/WEB-INF/classes/com/ibm/websphere/samples/pbw/war/AdminServlet.class",
               "details": [
                  {
                     "reference": "Method sendRedirect",
                     "match": "javax.servlet.http.HttpServletResponse.sendRedirect(java.lang.String)",
                     "lineNumber": 329
                  }
               ]
            }
         ]
      },
      {
         "ruleName": "Databases",
         "ruleId": "JavaxPersistenceRule",
         "devCost": "0",
         "severity": "Warning",
         "severityId": "warning",
         "category": "Technology connectivity considerations for IBM Cloud",
         "categoryId": "appconversion.cloud.category.technology.connectivity",
         "results": [
            {
               "fileName": "PlantsByWebSphereEE7.ear/PlantsByWebSphere.war/WEB-INF/classes/com/ibm/websphere/samples/pbw/ejb/BackOrderMgr.class",
               "details": [
                  {
                     "reference": "Field annotation em",
                     "match": "javax.persistence",
                     "lineNumber": 0
                  }
               ]
            }
         ],
         "referencedClasses": [
            {
               "class": "javax.persistence.Column",
               "total": 2
            },
            {
               "class": "javax.persistence.Embeddable",
               "total": 1
            },
            {
               "class": "javax.persistence.EmbeddedId",
               "total": 1
            },
            {
               "class": "javax.persistence.Entity",
               "total": 6
            },
            {
               "class": "javax.persistence.EntityManager",
               "total": 105
            },
            {
               "class": "javax.persistence.GeneratedValue",
               "total": 2
            },
            {
               "class": "javax.persistence.GenerationType",
               "total": 2
            },
            {
               "class": "javax.persistence.Id",
               "total": 5
            },
            {
               "class": "javax.persistence.JoinColumn",
               "total": 4
            },
            {
               "class": "javax.persistence.LockModeType",
               "total": 9
            },
            {
               "class": "javax.persistence.ManyToOne",
               "total": 3
            },
            {
               "class": "javax.persistence.NamedQueries",
               "total": 6
            },
            {
               "class": "javax.persistence.NamedQuery",
               "total": 11
            },
            {
               "class": "javax.persistence.NoResultException",
               "total": 2
            },
            {
               "class": "javax.persistence.OneToOne",
               "total": 1
            },
            {
               "class": "javax.persistence.PersistenceContext",
               "total": 7
            },
            {
               "class": "javax.persistence.Query",
               "total": 29
            },
            {
               "class": "javax.persistence.Table",
               "total": 6
            },
            {
               "class": "javax.persistence.TableGenerator",
               "total": 2
            },
            {
               "class": "javax.persistence.Transient",
               "total": 4
            }
         ]
      },
      {
         "ruleName": "Handling application configuration in Docker containers",
         "ruleId": "DetectPropertiesFiles",
         "devCost": "0",
         "severity": "Warning",
         "severityId": "warning",
         "category": "Docker (IBM Cloud Kubernetes Service)",
         "categoryId": "appconversion.cloud.category.docker",
         "results": [
            {
               "fileName": "PlantsByWebSphereEE7.ear/PlantsByWebSphere.war/META-INF/maven/com.ibm.websphere.pbw/PlantsByWebSphere/pom.properties",
               "details": [
                  {
                     "reference": null,
                     "match": "(.*)?\\.properties",
                     "lineNumber": 0
                  }
               ]
            },
            {
               "fileName": "PlantsByWebSphereEE7.ear/lib/pbw-lib.jar/META-INF/maven/com.ibm.websphere.pbw/pbw-lib/pom.properties",
               "details": [
                  {
                     "reference": null,
                     "match": "(.*)?\\.properties",
                     "lineNumber": 0
                  }
               ]
            },
            {
               "fileName": "PlantsByWebSphereEE7.ear/lib/pbw-lib.jar/pbw.properties",
               "details": [
                  {
                     "reference": null,
                     "match": "(.*)?\\.properties",
                     "lineNumber": 0
                  }
               ]
            }
         ]
      },
      {
         "ruleName": "Java EE security",
         "ruleId": "ApplicationSecurityRule",
         "devCost": "0",
         "severity": "Warning",
         "severityId": "warning",
         "category": "Technology connectivity considerations for IBM Cloud",
         "categoryId": "appconversion.cloud.category.technology.connectivity",
         "results": [
            {
               "fileName": "PlantsByWebSphereEE7.ear/PlantsByWebSphere.war/WEB-INF/web.xml",
               "details": [
                  {
                     "reference": null,
                     "match": "security-constraint",
                     "lineNumber": 33
                  }
               ]
            }
         ]
      },
      {
         "ruleName": "Java Persistence API (JPA)",
         "ruleId": "DetectJPA",
         "devCost": "0",
         "severity": "Warning",
         "severityId": "warning",
         "category": "Java EE 6 / JPA 2.0",
         "categoryId": "com.ibm.ws.appconversion.javaee6.category / com.ibm.ws.appconversion.javaee6.jpa.category",
         "results": [
            {
               "fileName": "PlantsByWebSphereEE7.ear/PlantsByWebSphere.war/WEB-INF/classes/com/ibm/websphere/samples/pbw/ejb/BackOrderMgr.class",
               "details": [
                  {
                     "reference": "Field annotation em",
                     "match": "javax.persistence",
                     "lineNumber": 0
                  }
               ]
            }
         ],
         "referencedClasses": [
            {
               "class": "javax.persistence.Column",
               "total": 2
            },
            {
               "class": "javax.persistence.Embeddable",
               "total": 1
            },
            {
               "class": "javax.persistence.EmbeddedId",
               "total": 1
            },
            {
               "class": "javax.persistence.Entity",
               "total": 6
            },
            {
               "class": "javax.persistence.EntityManager",
               "total": 105
            },
            {
               "class": "javax.persistence.GeneratedValue",
               "total": 2
            },
            {
               "class": "javax.persistence.GenerationType",
               "total": 2
            },
            {
               "class": "javax.persistence.Id",
               "total": 5
            },
            {
               "class": "javax.persistence.JoinColumn",
               "total": 4
            },
            {
               "class": "javax.persistence.LockModeType",
               "total": 9
            },
            {
               "class": "javax.persistence.ManyToOne",
               "total": 3
            },
            {
               "class": "javax.persistence.NamedQueries",
               "total": 6
            },
            {
               "class": "javax.persistence.NamedQuery",
               "total": 11
            },
            {
               "class": "javax.persistence.NoResultException",
               "total": 2
            },
            {
               "class": "javax.persistence.OneToOne",
               "total": 1
            },
            {
               "class": "javax.persistence.PersistenceContext",
               "total": 7
            },
            {
               "class": "javax.persistence.Query",
               "total": 29
            },
            {
               "class": "javax.persistence.Table",
               "total": 6
            },
            {
               "class": "javax.persistence.TableGenerator",
               "total": 2
            },
            {
               "class": "javax.persistence.Transient",
               "total": 4
            }
         ]
      },
      {
         "ruleName": "JavaMail server",
         "ruleId": "MailServerRule",
         "devCost": "0",
         "severity": "Warning",
         "severityId": "warning",
         "category": "Technology connectivity considerations for IBM Cloud",
         "categoryId": "appconversion.cloud.category.technology.connectivity",
         "results": [
            {
               "fileName": "PlantsByWebSphereEE7.ear/PlantsByWebSphere.war/WEB-INF/classes/com/ibm/websphere/samples/pbw/ejb/MailerBean.class",
               "details": [
                  {
                     "reference": "Field mailSession",
                     "match": "javax.mail",
                     "lineNumber": 0
                  }
               ]
            }
         ],
         "referencedClasses": [
            {
               "class": "javax.mail.Address",
               "total": 1
            },
            {
               "class": "javax.mail.BodyPart",
               "total": 1
            },
            {
               "class": "javax.mail.Message",
               "total": 1
            },
            {
               "class": "javax.mail.Message$RecipientType",
               "total": 3
            },
            {
               "class": "javax.mail.Multipart",
               "total": 3
            },
            {
               "class": "javax.mail.Session",
               "total": 3
            },
            {
               "class": "javax.mail.Transport",
               "total": 1
            },
            {
               "class": "javax.mail.internet.InternetAddress",
               "total": 2
            },
            {
               "class": "javax.mail.internet.MimeBodyPart",
               "total": 4
            },
            {
               "class": "javax.mail.internet.MimeMessage",
               "total": 9
            },
            {
               "class": "javax.mail.internet.MimeMultipart",
               "total": 2
            }
         ]
      }
   ]
}