{
  "domain": "javaAppServer",
  "middleware": "was",
  "host": "workstation",
  "assessmentUnitName": "query.ear",
  "applicationName": "query.ear",
  "dcVersion": "2.1.1",
  "collectionUnitType": "profile",
  "collectionUnitName": "AppSrv01",
  "isVirtual": "false",
  "serverXml": {
    "server": {
      "description": "Configuration generated by binaryAppScanner",
      "featureManager": {
        "feature": [
          "ejbLite-3.2",
          "ejbRemote-3.2"
        ]
      },
      "applicationManager": {
        "autoExpand": true
      },
      "httpEndpoint": {
        "host": "*",
        "httpPort": 9080,
        "httpsPort": 9443,
        "id": "defaultHttpEndpoint"
      },
      "enterpriseApplication": {
        "location": "query.ear"
      }
    }
  }
}