<?xml version="1.0" encoding="UTF-8"?>
<server description="Configuration generated by binaryAppScanner">
    <featureManager>
        <!--The following features are available in all editions of Liberty.-->
        <feature>ejbLite-3.2</feature>
        <!--The following features are available in all editions of Liberty, except for Liberty Core.-->
        <feature>ejbRemote-3.2</feature>
    </featureManager>
    <!-- This configuration was migrated on 2020-06-26 at 15:38:07 from the following location: /opt/IBM/WebSphere/AppServer/profiles/AppSrv01 -->
    <!-- The binary scanner does not support the migration of all WebSphere traditional configuration elements. Check the binary scanner documentation for the list of supported configuration elements. -->
    <applicationManager autoExpand="true"/>
    <httpEndpoint host="*" httpPort="9080" httpsPort="9443" id="defaultHttpEndpoint"/>
    <enterpriseApplication location="query.ear"/>
</server>